timestamp_ms,accel_x,accel_y,accel_z,gyro_x,gyro_y,gyro_z
-980,4.48,-8.25,-6.18,0.1,-0.22,-0.03
-960,4.46,-8.19,-6.02,0.14,-0.21,0
-940,4.28,-8.1,-5.92,0.15,-0.15,0.04
-920,4.05,-8.19,-5.65,0.11,-0.13,0.09
-900,3.71,-8.37,-5.37,0.1,-0.12,0.14
-880,3.27,-8.59,-5.07,0.13,-0.08,0.17
-860,3.04,-8.72,-5.18,0.14,-0.1,0.18
-840,3.17,-8.68,-5.39,0.13,-0.13,0.17
-820,3.46,-8.61,-5.23,0.15,-0.18,0.14
-800,3.67,-8.36,-5.23,0.14,-0.16,0.14
-780,3.69,-8.32,-5.15,0.05,-0.12,0.14
-760,3.74,-8.52,-5.22,0,-0.07,0.13
-740,3.57,-8.49,-5.4,0.04,0.01,0.12
-720,3.16,-8.25,-5.43,0.07,-0.02,0.1
-700,3.01,-7.89,-5.46,0.08,-0.14,0.11
-680,3.22,-7.24,-5.55,0.03,-0.25,0.14
-660,3.38,-6.65,-5.32,-0.04,-0.35,0.18
-640,3.52,-6.39,-5.07,-0.16,-0.39,0.2
-620,3.58,-6.56,-4.91,-0.28,-0.31,0.18
-600,3.63,-7.19,-4.67,-0.28,-0.25,0.12
-580,3.65,-7.56,-5.28,-0.19,-0.11,0.06
-560,3.29,-8.25,-5.1,-0.1,-0.02,0.01
-540,3.52,-9.1,-5.31,-0.05,-0.14,-0.02
-520,4.08,-9.88,-5.66,-0.05,-0.06,-0.05
-500,3.6,-9.93,-5.64,0.09,0.25,0
-480,2.7,-8.99,-5.37,0.17,0.14,0.08
-460,2.53,-8.5,-4.77,0.07,-0.15,0.12
-440,2.85,-8.3,-4.93,-0.14,-0.1,0.07
-420,3.17,-8.15,-4.86,-0.33,-0.13,-0.01
-400,3.68,-8.22,-4.3,-0.3,-0.31,-0.07
-380,3.93,-7.85,-4.38,-0.15,-0.2,-0.1
-360,3.57,-7.27,-4.58,-0.07,0.04,-0.14
-340,3.08,-6.4,-5.31,-0.16,0.14,-0.17
-320,3.04,-6.19,-5.18,-0.4,-0.03,-0.17
-300,3.44,-7.11,-4.3,-0.44,-0.24,-0.16
-280,3.48,-7.52,-3.98,-0.19,-0.03,-0.16
-260,2.68,-7.07,-4.2,0.01,0.29,-0.17
-240,2.02,-6.35,-4.58,-0.04,0.21,-0.22
-220,2.12,-6.18,-4.76,-0.3,-0.16,-0.29
-200,3.13,-6.48,-5.21,-0.53,-0.44,-0.39
-180,4.19,-7.03,-5.61,-0.65,-0.44,-0.47
-160,4.8,-7.22,-5.94,-0.58,-0.41,-0.49
-140,5.09,-6.44,-6.56,-0.53,-0.3,-0.53
-120,4.89,-5.4,-6.64,-0.65,-0.21,-0.67
-100,4.75,-4.76,-6.63,-0.89,-0.18,-0.88
-80,4.49,-5.32,-6.06,-1.17,-0.23,-1.2
-60,4.21,-6.94,-5.17,-1.24,-0.43,-1.52
-40,4.67,-7.58,-6.52,-1.05,-0.51,-1.67
-20,9.78,-5.65,-16.83,-1.53,-0.38,-1.88
0,23.37,-10.8,-33.54,-4.89,-0.63,-2.4
24,11.98,-27.9,-11.68,-0.23,1.59,-3.7
44,-0.18,-13.2,2.22,3.58,0.68,-3.49
64,2.18,-5.71,-5.99,-1.15,-1.36,-1.48
84,3.64,-8,-10.09,-6.23,-1.11,-0.93
104,2.51,-12.49,-8.49,-8.14,-1.75,-2.01
124,2.79,-13.56,-2.8,-7.34,-2.57,-3.43
144,5.31,-9.49,2.01,-3.71,-0.88,-3.91
164,5.23,-3.05,-0.82,-1.72,0.02,-3.58
184,3.53,-0.01,-5.15,-1.81,-0.16,-2.54
204,3.18,1.32,-5.86,-2.29,-0.04,-1.2
224,6.87,1.37,-10.77,-2.67,0.91,0.1
244,8.99,0.27,-12.63,-2.92,2.13,0.91
264,6.01,-0.63,-9.7,-2.88,2.57,1.39
284,3.2,-1.2,-6.95,-2.17,2.04,1.8
304,2.54,-1.38,-5.9,-0.56,1.31,1.7
324,5.4,-0.08,-8.31,2.26,0.81,1.28
344,10.03,2.1,-12.62,4.17,0.5,0.84
364,12.47,5.08,-13.16,4.74,0.57,0.4
384,13.94,15.45,-7.32,3.26,1.67,0.44
404,12.77,12.41,-11.88,-1.02,2.49,0.55
424,10.39,6.64,-12.49,-2.53,2.93,0.52
444,9.53,4.37,-12.22,-2.05,2.91,0.32
464,9.93,4.14,-10.87,-1.61,2.55,0.17
484,15.72,2.9,-0.24,-1.03,1.24,-0.33
504,14.74,2.44,4.26,4.33,0.84,-2.48
524,10,6.66,-11.12,4.13,0.57,-2.17
544,11.39,9.55,-14.97,0.93,-0.33,-1.96
564,13.71,10.29,-15.64,-1.05,-1.41,-1.74
584,11.82,7.29,-11.56,-3.48,-1.84,-0.79
604,7.12,4.4,-10.15,-4.43,-0.31,-0.33
624,5.72,2.03,-9.04,-4.57,0.73,-0.16
644,6.4,0.14,-7.82,-4.36,-0.16,-0.44
664,6.3,-1.48,-6.71,-4.37,-1.28,-0.32
684,11.34,-2.45,-1.24,-2.76,-2.01,-0.88
704,11.88,-0.92,-2.84,-1,-1.75,-1
724,11,0.57,-3.94,0.52,-0.23,-0.83
744,9.58,3.17,-5.29,1.83,0.78,-0.92
764,9.12,5.93,-6.14,2.15,0.27,-0.88
784,7.82,7.54,-7.01,1.24,-0.3,-0.55
804,7.31,7.44,-5.81,0.3,-0.38,-0.31
824,6.92,5.82,-3.66,-0.48,-0.36,0.04
844,6.74,4.56,-3.48,-0.82,-0.4,0.13
864,7.3,4.01,-5,-1.15,-0.58,0.02
884,7.64,3.66,-6.49,-1.19,-0.8,-0.09
904,7.14,2.46,-7.61,-0.47,-1.55,0.01
924,10.47,4.61,-11.23,0.47,-1.13,0.38
944,9.14,5.47,-10.99,0.32,-0.05,0.55
964,8.38,3.26,-6.96,0.26,0.45,0.56
984,7.6,2.7,-3.7,0.41,0.07,0.33
