ID,ผู้ทดสอบ,หมวดหมู่,ประเภทกิจกรรม,รอบที่,อุปกรณ์,จำนวนจุดข้อมูล,สถานะ,วันที่บันทึก
108,"อาสาสมัคร 13","ล้ม (Fall)",ล้มไปด้านขวา,1,CD1,99,เสร็จสิ้น,"2026-08-24 23:18:58"
107,"อาสาสมัคร 13","ล้ม (Fall)",ล้มไปด้านซ้าย,1,CD1,99,เสร็จสิ้น,"2026-08-24 23:18:21"
106,"อาสาสมัคร 13","ล้ม (Fall)",ล้มไปข้างหลัง,1,CD1,99,เสร็จสิ้น,"2026-08-24 23:17:44"
105,"อาสาสมัคร 13","ล้ม (Fall)",ล้มไปข้างหน้า,1,CD1,99,เสร็จสิ้น,"2026-08-24 23:17:09"
104,"อาสาสมัคร 12","ล้ม (Fall)",ล้มไปด้านขวา,1,CD1,99,เสร็จสิ้น,"2026-08-24 23:15:28"
102,"อาสาสมัคร 12","ล้ม (Fall)",ล้มไปด้านซ้าย,1,CD1,99,เสร็จสิ้น,"2026-08-24 23:13:49"
101,"อาสาสมัคร 12","ล้ม (Fall)",ล้มไปข้างหลัง,1,CD1,99,เสร็จสิ้น,"2026-08-24 23:13:03"
100,"อาสาสมัคร 12","ล้ม (Fall)",ล้มไปข้างหน้า,1,CD1,99,เสร็จสิ้น,"2026-08-24 23:12:30"
99,"อาสาสมัคร 11","ล้ม (Fall)",ล้มไปด้านขวา,1,CD1,99,เสร็จสิ้น,"2026-08-24 23:11:14"
98,"อาสาสมัคร 11","ล้ม (Fall)",ล้มไปด้านซ้าย,1,CD1,99,เสร็จสิ้น,"2026-08-24 23:10:30"
97,"อาสาสมัคร 11","ล้ม (Fall)",ล้มไปข้างหลัง,1,CD1,99,เสร็จสิ้น,"2026-08-24 23:09:32"
96,"อาสาสมัคร 11","ล้ม (Fall)",ล้มไปข้างหน้า,1,CD1,99,เสร็จสิ้น,"2026-08-24 23:08:56"
95,"อาสาสมัคร 10","ล้ม (Fall)",ล้มไปด้านขวา,1,CD1,99,เสร็จสิ้น,"2026-08-24 23:07:44"
94,"อาสาสมัคร 10","ล้ม (Fall)",ล้มไปด้านซ้าย,1,CD1,99,เสร็จสิ้น,"2026-08-24 23:07:05"
93,"อาสาสมัคร 10","ล้ม (Fall)",ล้มไปข้างหลัง,1,CD1,99,เสร็จสิ้น,"2026-08-24 23:06:22"
92,"อาสาสมัคร 10","ล้ม (Fall)",ล้มไปข้างหน้า,1,CD1,99,เสร็จสิ้น,"2026-08-24 23:05:44"
91,"อาสาสมัคร 9","ล้ม (Fall)",ล้มไปด้านขวา,1,CD1,99,เสร็จสิ้น,"2026-08-24 23:04:43"
90,"อาสาสมัคร 9","ล้ม (Fall)",ล้มไปด้านซ้าย,1,CD1,99,เสร็จสิ้น,"2026-08-24 23:04:08"
89,"อาสาสมัคร 9","ล้ม (Fall)",ล้มไปข้างหลัง,1,CD1,99,เสร็จสิ้น,"2026-08-24 23:03:28"
88,"อาสาสมัคร 9","ล้ม (Fall)",ล้มไปข้างหน้า,1,CD1,99,เสร็จสิ้น,"2026-08-24 23:02:52"
87,"อาสาสมัคร 8","ล้ม (Fall)",ล้มไปด้านขวา,1,CD1,99,เสร็จสิ้น,"2026-08-24 23:01:45"
86,"อาสาสมัคร 8","ล้ม (Fall)",ล้มไปด้านซ้าย,1,CD1,99,เสร็จสิ้น,"2026-08-24 23:01:06"
85,"อาสาสมัคร 8","ล้ม (Fall)",ล้มไปข้างหลัง,1,CD1,99,เสร็จสิ้น,"2026-08-24 23:00:24"
84,"อาสาสมัคร 8","ล้ม (Fall)",ล้มไปข้างหน้า,1,CD1,99,เสร็จสิ้น,"2026-08-24 22:59:46"
83,"อาสาสมัคร 7","ล้ม (Fall)",ล้มไปด้านขวา,1,CD1,99,เสร็จสิ้น,"2026-08-24 22:58:18"
82,"อาสาสมัคร 7","ล้ม (Fall)",ล้มไปด้านซ้าย,1,CD1,99,เสร็จสิ้น,"2026-08-24 22:57:38"
81,"อาสาสมัคร 7","ล้ม (Fall)",ล้มไปข้างหลัง,1,CD1,99,เสร็จสิ้น,"2026-08-24 22:56:54"
80,"อาสาสมัคร 7","ล้ม (Fall)",ล้มไปข้างหน้า,1,CD1,99,เสร็จสิ้น,"2026-08-24 22:55:55"
79,"อาสาสมัคร 6","ล้ม (Fall)",ล้มไปด้านขวา,1,CD1,99,เสร็จสิ้น,"2026-08-24 22:54:42"
78,"อาสาสมัคร 6","ล้ม (Fall)",ล้มไปด้านซ้าย,1,CD1,99,เสร็จสิ้น,"2026-08-24 22:53:47"
77,"อาสาสมัคร 6","ล้ม (Fall)",ล้มไปข้างหลัง,1,CD1,99,เสร็จสิ้น,"2026-08-24 22:52:53"
76,"อาสาสมัคร 6","ล้ม (Fall)",ล้มไปข้างหน้า,1,CD1,99,เสร็จสิ้น,"2026-08-24 22:52:01"
75,"อาสาสมัคร 5","ล้ม (Fall)",ล้มไปด้านขวา,1,CD1,99,เสร็จสิ้น,"2026-08-24 22:24:51"
74,"อาสาสมัคร 5","ล้ม (Fall)",ล้มไปด้านซ้าย,1,CD1,99,เสร็จสิ้น,"2026-08-24 22:24:09"
73,"อาสาสมัคร 5","ล้ม (Fall)",ล้มไปข้างหลัง,1,CD1,99,เสร็จสิ้น,"2026-08-24 22:23:32"
72,"อาสาสมัคร 5","ล้ม (Fall)",ล้มไปข้างหน้า,1,CD1,99,เสร็จสิ้น,"2026-08-24 22:23:01"
71,"อาสาสมัค 4","ล้ม (Fall)",ล้มไปด้านขวา,1,CD1,99,เสร็จสิ้น,"2026-08-24 22:21:01"
70,"อาสาสมัค 4","ล้ม (Fall)",ล้มไปด้านซ้าย,1,CD1,99,เสร็จสิ้น,"2026-08-24 22:20:27"
69,"อาสาสมัค 4","ล้ม (Fall)",ล้มไปข้างหลัง,1,CD1,99,เสร็จสิ้น,"2026-08-24 22:19:46"
68,"อาสาสมัค 4","ล้ม (Fall)",ล้มไปข้างหน้า,1,CD1,99,เสร็จสิ้น,"2026-08-24 22:19:14"
67,"อาสาสมัคร 3","ล้ม (Fall)",ล้มไปด้านขวา,1,CD1,99,เสร็จสิ้น,"2026-08-24 22:18:14"
66,"อาสาสมัคร 3","ล้ม (Fall)",ล้มไปด้านซ้าย,1,CD1,99,เสร็จสิ้น,"2026-08-24 22:17:37"
65,"อาสาสมัคร 3","ล้ม (Fall)",ล้มไปข้างหลัง,1,CD1,99,เสร็จสิ้น,"2026-08-24 22:17:01"
64,"อาสาสมัคร 3","ล้ม (Fall)",ล้มไปข้างหน้า,1,CD1,99,เสร็จสิ้น,"2026-08-24 22:16:27"
63,"อาสาสมัคร 2","ล้ม (Fall)",ล้มไปด้านขวา,1,CD1,99,เสร็จสิ้น,"2026-08-24 22:15:25"
62,"อาสาสมัคร 2","ล้ม (Fall)",ล้มไปด้านซ้าย,1,CD1,99,เสร็จสิ้น,"2026-08-24 22:14:41"
61,"อาสาสมัคร 2","ล้ม (Fall)",ล้มไปข้างหลัง,1,CD1,99,เสร็จสิ้น,"2026-08-24 22:13:54"
60,"อาสาสมัคร 2","ล้ม (Fall)",ล้มไปข้างหน้า,1,CD1,99,เสร็จสิ้น,"2026-08-24 22:13:11"
59,"อาสาสมัคร 1","ล้ม (Fall)",ล้มไปด้านขวา,1,CD1,99,เสร็จสิ้น,"2026-08-24 22:11:19"
58,"อาสาสมัคร 1","ล้ม (Fall)",ล้มไปด้านซ้าย,1,CD1,99,เสร็จสิ้น,"2026-08-24 22:10:11"
56,"อาสาสมัคร 1","ล้ม (Fall)",ล้มไปข้างหลัง,1,CD1,99,เสร็จสิ้น,"2026-08-24 22:08:10"
55,"อาสาสมัคร 1","ล้ม (Fall)",ล้มไปข้างหน้า,1,CD1,99,เสร็จสิ้น,"2026-08-24 22:06:30"
